Sequence_ID	Organism	isolate	altitude	Collection-date	geo_loc_name	lat_lon	fwd_primer_seq	rev_primer_seq	note
Ocsp_21_1_COI	Ommatogammarus amethystinus	Ocsp_21_1	-650	2021-03	Russia: Lake Baikal, Bolshie Koty	51.89055 N 105.07775 E	TAAACTATAAGCCTTCCAAGC	TGTGAAGTAAGCTCGGGTAT	
Ocsp_21_2_COI	Ommatogammarus amethystinus	Ocsp_21_2	-650	2021-03	Russia: Lake Baikal, Bolshie Koty	51.89055 N 105.07775 E	TAAACTATAAGCCTTCCAAGC	TGTGAAGTAAGCTCGGGTAT	
Ocsp_21_3_COI	Ommatogammarus amethystinus	Ocsp_21_3	-650	2021-03	Russia: Lake Baikal, Bolshie Koty	51.89055 N 105.07775 E	TAAACTATAAGCCTTCCAAGC	TGTGAAGTAAGCTCGGGTAT	
Ocsp_21_4_COI	Ommatogammarus amethystinus	Ocsp_21_4	-650	2021-03	Russia: Lake Baikal, Bolshie Koty	51.89055 N 105.07775 E	TAAACTATAAGCCTTCCAAGC	TGTGAAGTAAGCTCGGGTAT	
Ocsp_21_5_COI	Ommatogammarus amethystinus	Ocsp_21_5	-650	2021-03	Russia: Lake Baikal, Bolshie Koty	51.89055 N 105.07775 E	TAAACTATAAGCCTTCCAAGC	TGTGAAGTAAGCTCGGGTAT	
Ocsp_21_6_COI	Ommatogammarus amethystinus	Ocsp_21_6	-650	2021-03	Russia: Lake Baikal, Bolshie Koty	51.89055 N 105.07775 E	TAAACTATAAGCCTTCCAAGC	TGTGAAGTAAGCTCGGGTAT	
Ocsp_21_7_COI	Ommatogammarus amethystinus	Ocsp_21_7	-650	2021-03	Russia: Lake Baikal, Bolshie Koty	51.89055 N 105.07775 E	TAAACTATAAGCCTTCCAAGC	TGTGAAGTAAGCTCGGGTAT	
Ocsp_21_8_COI	Ommatogammarus amethystinus	Ocsp_21_8	-650	2021-03	Russia: Lake Baikal, Bolshie Koty	51.89055 N 105.07775 E	TAAACTATAAGCCTTCCAAGC	TGTGAAGTAAGCTCGGGTAT	
Ocsp_21_9_COI	Ommatogammarus amethystinus	Ocsp_21_9	-650	2021-03	Russia: Lake Baikal, Bolshie Koty	51.89055 N 105.07775 E	TAAACTATAAGCCTTCCAAGC	TGTGAAGTAAGCTCGGGTAT	
Ocsp_21_10_COI	Ommatogammarus amethystinus	Ocsp_21_10	-650	2021-03	Russia: Lake Baikal, Bolshie Koty	51.89055 N 105.07775 E	TAAACTATAAGCCTTCCAAGC	TGTGAAGTAAGCTCGGGTAT	
Ocsp_21_11_COI	Ommatogammarus amethystinus	Ocsp_21_11	-650	2021-03	Russia: Lake Baikal, Bolshie Koty	51.89055 N 105.07775 E	TAAACTATAAGCCTTCCAAGC	TGTGAAGTAAGCTCGGGTAT	
Ocsp_21_12_COI	Ommatogammarus amethystinus	Ocsp_21_12	-650	2021-03	Russia: Lake Baikal, Bolshie Koty	51.89055 N 105.07775 E	TAAACTATAAGCCTTCCAAGC	TGTGAAGTAAGCTCGGGTAT	
Ocsp_21_13_COI	Ommatogammarus amethystinus	Ocsp_21_13	-650	2021-03	Russia: Lake Baikal, Bolshie Koty	51.89055 N 105.07775 E	TAAACTATAAGCCTTCCAAGC	TGTGAAGTAAGCTCGGGTAT	
Ocsp_21_14_COI	Ommatogammarus amethystinus	Ocsp_21_14	-650	2021-03	Russia: Lake Baikal, Bolshie Koty	51.89055 N 105.07775 E	TAAACTATAAGCCTTCCAAGC	TGTGAAGTAAGCTCGGGTAT	
Ocsp_21_15_COI	Ommatogammarus amethystinus	Ocsp_21_15	-650	2021-03	Russia: Lake Baikal, Bolshie Koty	51.89055 N 105.07775 E	TAAACTATAAGCCTTCCAAGC	TGTGAAGTAAGCTCGGGTAT	
Ocsp_21_16_COI	Ommatogammarus amethystinus	Ocsp_21_16	-650	2021-03	Russia: Lake Baikal, Bolshie Koty	51.89055 N 105.07775 E	TAAACTATAAGCCTTCCAAGC	TGTGAAGTAAGCTCGGGTAT	
Ocsp_21_17_COI	Ommatogammarus amethystinus	Ocsp_21_17	-650	2021-03	Russia: Lake Baikal, Bolshie Koty	51.89055 N 105.07775 E	TAAACTATAAGCCTTCCAAGC	TGTGAAGTAAGCTCGGGTAT	
Ocsp_21_18_COI	Ommatogammarus amethystinus	Ocsp_21_18	-650	2021-03	Russia: Lake Baikal, Bolshie Koty	51.89055 N 105.07775 E	TAAACTATAAGCCTTCCAAGC	TGTGAAGTAAGCTCGGGTAT	
Ocsp_21_19_COI	Ommatogammarus amethystinus	Ocsp_21_19	-650	2021-03	Russia: Lake Baikal, Bolshie Koty	51.89055 N 105.07775 E	TAAACTATAAGCCTTCCAAGC	TGTGAAGTAAGCTCGGGTAT	
Ome_21_35_COI	Ommatogammarus melanophthalmus	Ome_21_35	-650	2021-03	Russia: Lake Baikal, Bolshie Koty	51.89055 N 105.07775 E	TAAACTATAAGCCTTCCAAGC	TGTGAAGTAAGCTCGGGTAT	
Ome_21_36_COI	Ommatogammarus melanophthalmus	Ome_21_36	-650	2021-03	Russia: Lake Baikal, Bolshie Koty	51.89055 N 105.07775 E	TAAACTATAAGCCTTCCAAGC	TGTGAAGTAAGCTCGGGTAT	
Ocsp_23_1_COI	Ommatogammarus amethystinus	Ocsp_23_1		2023-04	Russia: Lake Baikal, Bolshie Koty	51.89532 N 105.07382 E	TAAACTATAAGCCTTCCAAGC	TGTGAAGTAAGCTCGGGTAT	
Ocsp_23_2_COI	Ommatogammarus amethystinus	Ocsp_23_2		2023-04	Russia: Lake Baikal, Bolshie Koty	51.89532 N 105.07382 E	TAAACTATAAGCCTTCCAAGC	TGTGAAGTAAGCTCGGGTAT	
Ome_23_3_COI	Ommatogammarus melanophthalmus	Ome_23_3		2023-04	Russia: Lake Baikal, Bolshie Koty	51.89532 N 105.07382 E	TAAACTATAAGCCTTCCAAGC	TGTGAAGTAAGCTCGGGTAT	
Ocsp_23_4_COI	Ommatogammarus melanophthalmus	Ocsp_23_4		2023-04	Russia: Lake Baikal, Bolshie Koty	51.89532 N 105.07382 E	TAAACTATAAGCCTTCCAAGC	TGTGAAGTAAGCTCGGGTAT	
Ocsp_23_5_COI	Ommatogammarus amethystinus	Ocsp_23_5		2023-04	Russia: Lake Baikal, Bolshie Koty	51.89532 N 105.07382 E	TAAACTATAAGCCTTCCAAGC	TGTGAAGTAAGCTCGGGTAT	
Ocsp_23_6_COI	Ommatogammarus amethystinus	Ocsp_23_6		2023-04	Russia: Lake Baikal, Bolshie Koty	51.89532 N 105.07382 E	TAAACTATAAGCCTTCCAAGC	TGTGAAGTAAGCTCGGGTAT	
Ocsp_23_7_COI	Ommatogammarus amethystinus	Ocsp_23_7		2023-04	Russia: Lake Baikal, Bolshie Koty	51.89532 N 105.07382 E	TAAACTATAAGCCTTCCAAGC	TGTGAAGTAAGCTCGGGTAT	
Ocsp_23_9_COI	Ommatogammarus amethystinus	Ocsp_23_9		2023-04	Russia: Lake Baikal, Bolshie Koty	51.89532 N 105.07382 E	TAAACTATAAGCCTTCCAAGC	TGTGAAGTAAGCTCGGGTAT	
Ome_23_10_COI	Ommatogammarus melanophthalmus	Ome_23_10		2023-04	Russia: Lake Baikal, Bolshie Koty	51.89532 N 105.07382 E	TAAACTATAAGCCTTCCAAGC	TGTGAAGTAAGCTCGGGTAT	
Ome_23_11_COI	Ommatogammarus melanophthalmus	Ome_23_11		2023-04	Russia: Lake Baikal, Bolshie Koty	51.89532 N 105.07382 E	TAAACTATAAGCCTTCCAAGC	TGTGAAGTAAGCTCGGGTAT	
Ocsp_23_12_COI	Ommatogammarus amethystinus	Ocsp_23_12		2023-04	Russia: Lake Baikal, Bolshie Koty	51.89532 N 105.07382 E	TAAACTATAAGCCTTCCAAGC	TGTGAAGTAAGCTCGGGTAT	
Ocsp_23_13_COI	Ommatogammarus amethystinus	Ocsp_23_13		2023-04	Russia: Lake Baikal, Bolshie Koty	51.89532 N 105.07382 E	TAAACTATAAGCCTTCCAAGC	TGTGAAGTAAGCTCGGGTAT	
Ocsp_23_14_COI	Ommatogammarus amethystinus	Ocsp_23_14		2023-04	Russia: Lake Baikal, Bolshie Koty	51.89532 N 105.07382 E	TAAACTATAAGCCTTCCAAGC	TGTGAAGTAAGCTCGGGTAT	
Ome_25_1_COI	Ommatogammarus melanophthalmus	Ome_25_1	-250	2025-06	Russia: Lake Baikal, Bolshie Koty	51.89532 N 105.07382 E	TAAACTATAAGCCTTCCAAGC	TGTGAAGTAAGCTCGGGTAT	
Ome_25_2_COI	Ommatogammarus melanophthalmus	Ome_25_2	-250	2025-06	Russia: Lake Baikal, Bolshie Koty	51.89532 N 105.07382 E	TAAACTATAAGCCTTCCAAGC	TGTGAAGTAAGCTCGGGTAT	
Ome_25_3_COI	Ommatogammarus melanophthalmus	Ome_25_3	-250	2025-06	Russia: Lake Baikal, Bolshie Koty	51.89532 N 105.07382 E	TAAACTATAAGCCTTCCAAGC	TGTGAAGTAAGCTCGGGTAT	
Ome_25_4_COI	Ommatogammarus melanophthalmus	Ome_25_4	-250	2025-06	Russia: Lake Baikal, Bolshie Koty	51.89532 N 105.07382 E	TAAACTATAAGCCTTCCAAGC	TGTGAAGTAAGCTCGGGTAT	
Ome_25_5_COI	Ommatogammarus melanophthalmus	Ome_25_5	-250	2025-06	Russia: Lake Baikal, Bolshie Koty	51.89532 N 105.07382 E	TAAACTATAAGCCTTCCAAGC	TGTGAAGTAAGCTCGGGTAT	
Ome_25_7_COI	Ommatogammarus melanophthalmus	Ome_25_7	-250	2025-06	Russia: Lake Baikal, Bolshie Koty	51.89532 N 105.07382 E	TAAACTATAAGCCTTCCAAGC	TGTGAAGTAAGCTCGGGTAT	
Ome_25_8_COI	Ommatogammarus melanophthalmus	Ome_25_8	-250	2025-06	Russia: Lake Baikal, Bolshie Koty	51.89532 N 105.07382 E	TAAACTATAAGCCTTCCAAGC	TGTGAAGTAAGCTCGGGTAT	
Ome_25_9_COI	Ommatogammarus melanophthalmus	Ome_25_9	-250	2025-06	Russia: Lake Baikal, Bolshie Koty	51.89532 N 105.07382 E	TAAACTATAAGCCTTCCAAGC	TGTGAAGTAAGCTCGGGTAT	
Ome_25_11_COI	Ommatogammarus melanophthalmus	Ome_25_11	-250	2025-06	Russia: Lake Baikal, Bolshie Koty	51.89532 N 105.07382 E	TAAACTATAAGCCTTCCAAGC	TGTGAAGTAAGCTCGGGTAT	
Ome_25_13_COI	Ommatogammarus melanophthalmus	Ome_25_13	-250	2025-06	Russia: Lake Baikal, Bolshie Koty	51.89532 N 105.07382 E	TAAACTATAAGCCTTCCAAGC	TGTGAAGTAAGCTCGGGTAT	
Ohy_25	Ommatogammarus melanophthalmus	Ohy_25	-250	2025-06	Russia: Lake Baikal, Bolshie Koty	51.89532 N 105.07382 E	TAAACTATAAGCCTTCCAAGC	TGTGAAGTAAGCTCGGGTAT	Speciment morphologically identified as Ommatogammarus hyacinthinus
