Sequence_ID	Organism	altitude	Collection-date	geo_loc_name	lat_lon	fwd_primer_name	fwd_primer_seq	rev_primer_name	rev_primer_seq
BK_8_Oa8_250m	Ommatogammarus albinus	-250	2022	Russia: Lake Baikal, Bolshie Koty	51.89532 N 105.07382 E	18SF	CCTAYCTGGTTGATCCTGCCAGT	18SR	TAATGATCCTTCCGCAGGTT
BK_21_Of_25m	Ommatogammarus flavus	-25	2022	Russia: Lake Baikal, Bolshie Koty	51.90208 N 105.07395 E	18SF	CCTAYCTGGTTGATCCTGCCAGT	18SR	TAATGATCCTTCCGCAGGTT
Ome_21_35	Ommatogammarus melanophthalmus	-250	2021-03	Russia: Lake Baikal, Bolshie Koty	51.89532 N 105.07382 E	18SF	CCTAYCTGGTTGATCCTGCCAGT	18SR	TAATGATCCTTCCGCAGGTT
Ome_23_11	Ommatogammarus melanophthalmus		2023-04	Russia: Lake Baikal, Bolshie Koty	51.89532 N 105.07382 E	18SF	CCTAYCTGGTTGATCCTGCCAGT	18S700R	CGCGGCTGCTGGCACCAGAC
Ome_23_14	Ommatogammarus melanophthalmus		2023-04	Russia: Lake Baikal, Bolshie Koty	51.89532 N 105.07382 E	18SF	CCTAYCTGGTTGATCCTGCCAGT	18S700R	CGCGGCTGCTGGCACCAGAC
Ocsp_23_12	Ommatogammarus amethystinus		2023-04	Russia: Lake Baikal, Bolshie Koty	51.89532 N 105.07382 E	18SF	CCTAYCTGGTTGATCCTGCCAGT	18SR	TAATGATCCTTCCGCAGGTT
Ocsp_23_1	Ommatogammarus amethystinus		2023-04	Russia: Lake Baikal, Bolshie Koty	51.89532 N 105.07382 E	18SF	CCTAYCTGGTTGATCCTGCCAGT	18S700R	CGCGGCTGCTGGCACCAGAC
Ocsp_21_3	Ommatogammarus amethystinus	-650	2021-03	Russia: Lake Baikal, Bolshie Koty	51.89055 N 105.07775 E	18SF	CCTAYCTGGTTGATCCTGCCAGT	18S700R	CGCGGCTGCTGGCACCAGAC
Ocsp_21_4	Ommatogammarus amethystinus	-650	2021-03	Russia: Lake Baikal, Bolshie Koty	51.89055 N 105.07775 E	18SF	CCTAYCTGGTTGATCCTGCCAGT	18S700R	CGCGGCTGCTGGCACCAGAC
Ocsp_21_8	Ommatogammarus amethystinus	-650	2021-03	Russia: Lake Baikal, Bolshie Koty	51.89055 N 105.07775 E	18SF	CCTAYCTGGTTGATCCTGCCAGT	18S700R	CGCGGCTGCTGGCACCAGAC
Ocsp_21_9	Ommatogammarus amethystinus	-650	2021-03	Russia: Lake Baikal, Bolshie Koty	51.89055 N 105.07775 E	18SF	CCTAYCTGGTTGATCCTGCCAGT	18S700R	CGCGGCTGCTGGCACCAGAC
Ocsp_21_7	Ommatogammarus amethystinus	-650	2021-03	Russia: Lake Baikal, Bolshie Koty	51.89055 N 105.07775 E	18SF	CCTAYCTGGTTGATCCTGCCAGT	18S700R	CGCGGCTGCTGGCACCAGAC
Ocm_BG_2020_1_300m	Ommatogammarus melanophthalmus	-300	2020	Russia: Lake Baikal, Bolshoe Goloustnoe	52.01783 N 105.43415 E	18SF	CCTAYCTGGTTGATCCTGCCAGT	18S700R	CGCGGCTGCTGGCACCAGAC
Ocm_BG_2020_2_300m	Ommatogammarus melanophthalmus	-300	2020	Russia: Lake Baikal, Bolshoe Goloustnoe	52.01783 N 105.43415 E	18SF	CCTAYCTGGTTGATCCTGCCAGT	18S700R	CGCGGCTGCTGGCACCAGAC
